username,email,department,subject,body,date
james.hunt,james.hunt@company.com,Sales,"Q4 Projections Review","Hi team, we need to finalize the Q4 projections by Friday. Please ensure your pipeline data is up to date in the CRM. Let's schedule a sync tomorrow morning.",2023-01-15
sarah.connor,sarah.connor@company.com,Engineering,"Server Downtime Incident","We experienced a downtime incident last night at 2 AM. The ops team has patched the vulnerability. I will be sending a full post-mortem report by the end of the day.",2023-02-10
michael.scott,michael.scott@company.com,Human Resources,"Office Party Planning","Attention everyone! It's that time of year again. We are looking for volunteers to help organize the annual holiday party. Please reply if you are interested.",2023-03-05
pam.beesly,pam.beesly@company.com,Sales,"Client Meeting Follow-up","Thank you for the opportunity to present yesterday. As discussed, I have attached the revised pricing structure. Please let me know if you have any questions.",2023-04-12
dwight.schrute,dwight.schrute@company.com,Sales,"New Leads Allocation","I have uploaded the new leads from the trade show to the shared drive. They are currently unassigned. First come, first served. Do not slack off.",2023-05-20
stanley.hudson,stanley.hudson@company.com,Finance,"Expense Report Rejection","Your expense report for September has been rejected because the receipts were not attached. Please resubmit with clear images of the receipts. Policy is policy.",2023-06-01
kevin.malone,kevin.malone@company.com,Accounting,"Payroll Update","Just a heads up that payroll will be processed a day early this month due to the bank holiday. Expect your direct deposit on the 28th.",2023-07-15
angela.martin,angela.martin@company.com,Human Resources,"Policy Update","Please review the updated employee handbook regarding remote work. All employees must now log their hours in the new portal starting Monday.",2023-08-20
oscar.martinez,oscar.martinez@company.com,Finance,"Budget Approval Needed","The budget for the new marketing campaign has been tentatively approved, but we need more detailed ROI estimates before releasing the full funds.",2023-09-10
phyllis.lapin,phyllis.lapin@company.com,Sales,"Shipment Delay Notice","We regret to inform you that the shipment of paper products has been delayed due to supply chain issues. Expected delivery is now next Thursday.",2023-10-05
jim.halpert,jim.halpert@company.com,Sales,"Monthly Newsletter Draft","Here is the draft for the October newsletter. I included a section on customer success stories as requested. Let me know your edits.",2023-11-01
ryan.howard,ryan.howard@company.com,Marketing,"Social Media Strategy","I have outlined a new social media strategy focusing on LinkedIn and Twitter. The goal is to increase engagement by 20% over the next quarter.",2023-12-12
kelly.kapoor,kelly.kapoor@company.com,Human Resources,"Training Session Signup","The 'Conflict Resolution in the Workplace' training session is now open for signup. Spots are limited, so please register via the HR portal.",2023-01-22
toby.flenderson,toby.flenderson@company.com,Human Resources,"Compliance Training","Mandatory compliance training must be completed by all staff by the end of the month. Failure to do so will result in a hold on your account.",2023-02-28
creed.bratton,creed.bratton@company.com,Quality Assurance,"Quality Control Report","The latest QC report is ready. We found some irregularities in the batch from Wednesday. I am investigating the source.",2023-03-14
meredith.palmer,meredith.palmer@company.com,Supplier Relations,"Vendor Contract Renewal","The contract with our main paper supplier is up for renewal. We should negotiate a lower rate given our volume of orders this year.",2023-04-30
darryl.philbin,darryl.philbin@company.com,Warehouse,"Inventory Check","We are doing a full inventory check this Saturday. Warehouse staff, please report for duty at 8 AM. Breakfast will be provided.",2023-05-05
andy.bernard,andy.bernard@company.com,Sales,"Customer Complaint","We received a formal complaint from a client in Albany regarding the tone of our email correspondence. Please review the chain and ensure we apologize professionally.",2023-06-18
erin.hannon,erin.hannon@company.com,Reception,"Visitor Policy","Please remember to sign in all visitors at the front desk. We have had some issues with unauthorized access in the lobby recently.",2023-07-22
gabe.lewis,gabe.lewis@company.com,Human Resources,"Intern Evaluation","The summer intern program evaluations are due. Please fill out the forms for your respective interns and submit them to HR by Friday.",2023-08-09
holly.flax,holly.flax@company.com,Human Resources,"New Hire Onboarding","Please welcome our new Account Manager starting on Monday. Ensure their workspace is clean and their laptop is ready for setup.",2023-09-25
robert.california,robert.california@company.com,Management,"Strategic Vision","I want to share the company's strategic vision for the next 5 years. We are pivoting towards AI integration. More details to come in the all-hands meeting.",2023-10-11
jo.bennett,jo.bennett@company.com,Management,"Regional Meeting","I will be visiting the branch next week. Please have your P&L statements ready for review. I want to see growth in the manufacturing division.",2023-11-20
jan.levinson,jan.levinson@company.com,Sales,"Corporate Directive","Corporate has issued a new directive regarding dress code. Please ensure you are adhering to the business casual policy at all times while in the office.",2023-12-05
david.wallace,david.wallace@company.com,Finance,"Quarterly Earnings","The quarterly earnings call is scheduled for next Wednesday. Please prepare your slides and submit them to the finance team by Monday for consolidation.",2023-01-10
bob.vance,bob.vance@company.com,IT,"Software Update","Please perform the mandatory system update on your laptops tonight. The IT department will be pushing patches between 10 PM and 2 AM.",2023-02-15
hank.roy,hank.roy@company.com,Security,"Security Alert","We noticed suspicious activity at the rear entrance last night. Please keep your badges visible and report any strangers to security immediately.",2023-03-01
jessica,jessica@company.com,Marketing,"Ad Campaign Launch","The new print ad campaign launches tomorrow. Please check on the final proofs in your email and confirm if you approve of the color scheme.",2023-04-05
billy,billy@company.com,Support,"Ticket #4521 Update","Ticket #4521 regarding the printer connectivity issue has been resolved. If the user is still experiencing problems, please escalate it to tier 2 support.",2023-05-12
cathy,cathy@company.com,Marketing,"Event RSVP","Please RSVP for the client mixer next month. We need a headcount for catering purposes by the end of the week.",2023-06-22
dan,dan@company.com,Legal,"Contract Review","I have finished reviewing the contract with the new vendor. There are a few clauses regarding liability that need to be amended before we can sign.",2023-07-04
elias,elias@company.com,Warehouse,"Shift Change Request","I need to swap my shift on Saturday with Mike. Let me know if this is approved so I can plan my weekend.",2023-08-18
fiona,fiona@company.com,Sales,"Promo Code Issue","The promo code 'SAVINGS20' is not working for some customers on the website. Please alert the dev team to fix this ASAP.",2023-09-02
george,george@company.com,Accounting,"Budget Cut Announcement","Due to unforeseen circumstances, the travel budget for Q4 has been cut by 15%. Please adjust your travel plans accordingly.",2023-10-15
hank,hank@company.com,Engineering,"Code Freeze","We are entering a code freeze starting next week in preparation for the major release next month. No new features should be committed.",2023-11-30
irene,irene@company.com,Human Resources,"Benefits Enrollment","Open enrollment for health benefits is now open. You have 30 days to make changes to your plan. Check the intranet for details.",2023-12-14
jason,jason@company.com,Marketing,"Brand Guidelines","Please refer to the updated brand guidelines when creating any external collateral. The old logos are deprecated and should not be used.",2023-01-05
karen,karen@company.com,Sales,"Competitor Analysis","I've compiled an analysis of our competitor's new pricing model. We are undercutting them on premium products but losing on the basic tier.",2023-02-19
laura,laura@company.com,Legal,"Patent Filing","The paperwork for the new patent filing has been submitted. We expect to hear back from the patent office in about 6 months.",2023-03-25
mike,mike@company.com,Engineering,"Database Migration","The database migration to the cloud is scheduled for this weekend. Expect intermittent outages on Sunday morning.",2023-04-10
nancy,nancy@company.com,Support,"Knowledge Base Update","I have updated the knowledge base with solutions for the top 5 most common issues reported last week. Please review them.",2023-05-29
oliver,oliver@company.com,Sales,"Refund Request","Customer is requesting a refund for a damaged shipment. Since damage occurred in transit, we should approve it immediately.",2023-06-14
peter,peter@company.com,Finance,"Tax Documents","Please ensure all deductible expenses are logged correctly in the system. Tax season is approaching and we need clean books.",2023-07-20
quinn,quinn@company.com,Marketing,"Influencer Outreach","We have started outreach to influencers in the tech space for the new product launch. I will keep you updated on the response rates.",2023-08-03
rachel,rachel@company.com,Human Resources,"Employee of the Month","Congratulations to Jim Halpert for being selected as Employee of the Month! His dedication to sales has been outstanding.",2023-09-16
sam,sam@company.com,Engineering,"Bug Report","A critical bug was found in the checkout process where tax is not calculated for certain states. This is a high priority fix.",2023-10-28
tina,tina@company.com,Executive,"Board Meeting","The board meeting has been rescheduled to next Thursday. Please ensure the financial reports are printed and ready by Tuesday.",2023-11-09
uma,uma@company.com,Quality Assurance,"Product Recall","We are issuing a voluntary recall for lot #405. Please notify all customers who received these units immediately.",2023-12-01
victor,victor@company.com,Logistics,"Shipping Rates","Our shipping partners have increased their rates by 5%. We need to update our shipping calculator on the website to reflect this.",2023-01-28
wendy,wendy@company.com,Sales,"Client Dinner","I am hosting a dinner for our key clients from New York on Friday. Please confirm who from the sales team will be attending.",2023-02-13
xavier,xavier@company.com,IT,"Password Policy","Please update your passwords. Our security audit showed that many passwords are too weak. Use a combination of letters, numbers, and symbols.",2023-03-08
yvonne,yvonne@company.com,Marketing,"Newsletter Stats","The open rate for the last newsletter was 25%, which is a record high. We should double down on the content strategy used for that issue.",2023-04-22
zack,zack@company.com,Sales,"Cold Calling Script","Here is the new script for cold calling. Please practice it before making calls. Focus on the pain points identified in the survey.",2023-05-06
alice,alice@company.com,Support,"Escalation Procedure","If a customer threatens to cancel, please escalate the call to a manager immediately. Do not try to handle it alone.",2023-06-30
bob,bob@company.com,Engineering,"API Deprecation","The old API version will be deprecated in two weeks. Please ensure all applications are migrated to API v3.",2023-07-11
charlie,charlie@company.com,Sales,"Lost Deal Analysis","We lost the deal with Acme Corp. The primary reason was pricing. We need to discuss how we can offer more flexible payment terms.",2023-08-24
diane,diane@company.com,Finance,"Audit Preparation","The external auditors will be here next month. Please ensure all your documentation is organized and accessible.",2023-09-08
eric,eric@company.com,Marketing,"Website Redesign","The website redesign mockups are ready for review. We have focused on a more mobile-friendly user interface.",2023-10-19
frank,frank@company.com,Warehouse,"Restock Order","We are running low on packaging materials. I have placed a bulk order which should arrive by truck on Wednesday.",2023-11-05
gina,gina@company.com,Human Resources,"Remote Work Survey","Please fill out the anonymous survey regarding remote work preferences. Your feedback will help us shape future policies.",2023-12-10
henry,henry@company.com,Legal,"NDA Request","Before we share proprietary data with the new partner, they must sign a Non-Disclosure Agreement. Legal will draft this today.",2023-01-17
isabel,isabel@company.com,Sales,"Quotation Follow-up","I sent the quotation last week but haven't heard back. I will give them a call this afternoon to gauge their interest.",2023-02-23
jake,jake@company.com,Support,"Outage Notification","We are currently experiencing an outage with the email server. Users may not be able to send or receive emails for the next hour.",2023-03-29
kylie,kylie@company.com,Marketing,"Holiday Promotions","It is time to finalize the holiday promotion schedule. We need to ensure discounts are competitive with Black Friday offers.",2023-04-14
liam,liam@company.com,Engineering,"Performance Optimization","The application load times have increased. I will be spending the day optimizing database queries to speed things up.",2023-05-01
mia,mia@company.com,Finance,"Invoice Dispute","Vendor X is disputing invoice #9902. They claim we were overcharged for shipping. I am looking into the contract terms.",2023-06-07
noah,noah@company.com,Sales,"Partnership Proposal","I have drafted a partnership proposal for a local software firm. This could open up a new market segment for us.",2023-07-19
olivia,olivia@company.com,Executive,"Annual General Meeting","The Annual General Meeting will be held in the main conference room. Attendance is mandatory for all department heads.",2023-08-25
paul,paul@company.com,IT,"Security Patch","A critical security patch for the operating system has been released. Please install it as soon as possible to protect your data.",2023-09-04
quincy,quincy@company.com,Warehouse,"Delivery Schedule","The delivery truck has arrived. Please ensure the loading dock is clear so we can unload efficiently.",2023-10-11
rachel,rachel@company.com,Human Resources,"Training Feedback","Please provide feedback on the leadership training session from last week. Your input helps us improve the curriculum.",2023-11-22
steven,steven@company.com,Marketing,"Trade Show Booth","We need to finalize the design for the trade show booth. The vendor needs the artwork by the end of the week.",2023-12-08
tara,tara@company.com,Sales,"Contract Renewal","The contract with Global Tech is up for renewal. They are happy with our service and are likely to sign for another two years.",2023-01-30
ursula,ursula@company.com,Legal,"Regulatory Change","There has been a change in data protection regulations. We need to update our privacy policy on the website to remain compliant.",2023-02-14
victor,victor@company.com,Support,"Feature Request","A customer has requested a bulk export feature. I have added it to the feature request log for the dev team to review.",2023-03-20
wanda,wanda@company.com,Finance,"Expense Approval","Your travel expenses for the Chicago trip have been approved. The reimbursement will appear in your next paycheck.",2023-04-26
xander,xander@company.com,Engineering,"Code Review","Please review my pull request for the new dashboard feature. I want to make sure the code meets our standards before merging.",2023-05-15
yara,yara@company.com,Sales,"Prospecting List","I have generated a new list of prospects in the healthcare sector. These are warm leads who attended our webinar.",2023-06-09
zach,zach@company.com,Marketing,"Video Project","We are starting production on the promotional video next week. Please ensure all scripts are finalized.",2023-07-02
felix,notifications@lottery-ltd.net,Marketing,"Winner Notification","CONGRATULATIONS! You have been selected as the lucky winner of our annual lottery. Click here to claim your cash prize immediately.",2023-05-10
sandra,offers@daily-deal.com,Sales,"Cash Giveaway","Free money inside! Just click here to get your free cash prize. Don't miss out on this limited time offer.",2023-08-15
david,bonus@pay-quick.com,Human Resources,"Cash Reward Alert","You have won a cash reward. Please update your payment details to receive your funds instantly.",2023-11-20
lisa,vip-rewards@contest.net,Management,"Congratulations!","Congratulations! You are our 1,000,000th visitor. Click the button below to claim your prize.",2023-02-05
ron,winning-ticket@lottery-int.com,Support,"Lottery Winner Notification","Attention! Your ticket number was drawn. You have won the grand prize. Act now to secure your winnings.",2023-09-09
mike2,finance@fast-income.com,Finance,"Get Rich Quick","Learn how to make free money online with zero effort. Click here for the secret method.",2023-06-30
jane,security-alerts@scam.net,IT,"Urgent: Verify Account","URGENT: Someone tried to access your account. Click here to verify or it will be locked forever.",2023-12-12
kathy,discounts@promo-mail.com,Sales,"100% Discount","Congratulations! You have been selected for a 100% discount. Click here to apply.",2023-04-18
bruce,gift-cards@rewards.com,Executive,"Gift Card Winner","You have won a $500 gift card. Claim it now by entering your credit card info for shipping.",2023-01-25
tony,updates@mega-prize.com,Marketing,"Vehicle Rewards","Winner announcement! You have been chosen to receive a brand new car. Click here to confirm delivery details.",2023-10-02